{"cameraMode":{"drawMode":0,"name":"Shaded","section":"Shading Mode"},"sceneLighting":true,"audioPlay":false,"sceneViewState":{"showFog":true,"showMaterialUpdate":false,"showSkybox":true,"showFlares":true,"showImageEffects":true,"showParticleSystems":true},"in2DMode":false,"pivot":{"x":49.335086822509769,"y":-30.928390502929689,"z":7.044994354248047},"rotation":{"x":0.22004075348377229,"y":0.6889984011650086,"z":-0.23322275280952454,"w":0.6500163674354553},"size":27.11237335205078,"orthographic":false}