{"cameraMode":{"drawMode":0,"name":"Shaded","section":"Shading Mode"},"sceneLighting":true,"audioPlay":false,"sceneViewState":{"showFog":true,"showMaterialUpdate":false,"showSkybox":true,"showFlares":true,"showImageEffects":true,"showParticleSystems":true},"in2DMode":false,"pivot":{"x":-89.39529418945313,"y":-101.88777160644531,"z":158.135986328125},"rotation":{"x":0.23143750429153443,"y":-0.2950008511543274,"z":0.07389314472675324,"w":0.9241201877593994},"size":122.42045593261719,"orthographic":false}